{
  "country_name": {
    "phl": "Filipinas",
    "hti": "Haití",
    "nga": "Nigeria",
    "jam": "Jamaica",
    "dom": "República Dominicana",
    "mex": "México",
    "gha": "Ghana",
    "ken": "Kenia",
    "ind": "India",
    "bgd": "Bangladés",
    "pak": "Pakistán",
    "npl": "Nepal",
    "cmr": "Camerún",
    "sen": "Senegal",
    "mar": "Marruecos",
    "uga": "Uganda",
    "sdn": "Sudán",
    "idn": "Indonesia",
    "lka": "Sri Lanka",
    "vnm": "Vietnam",
    "mmr": "Myanmar (Birmania)",
    "slv": "El Salvador",
    "gtm": "Guatemala",
    "pry": "Paraguay",
    "bol": "Bolivia",
    "nic": "Nicaragua",
    "afg": "Afganistán",
    "alb": "Albania",
    "dza": "Argelia",
    "asm": "Samoa Americana",
    "and": "Andorra",
    "ago": "Angola",
    "aia": "Anguila",
    "atg": "Antigua y Barbuda",
    "arg": "Argentina",
    "arm": "Armenia",
    "abw": "Aruba",
    "aus": "Australia",
    "aut": "Austria",
    "aze": "Azerbaiyán",
    "bhs": "Bahamas",
    "bhr": "Baréin",
    "brb": "Barbados",
    "blr": "Bielorrusia",
    "bel": "Bélgica",
    "blz": "Belice",
    "ben": "Benín",
    "bmu": "Bermudas",
    "btn": "Bután",
    "bes": "Caribe neerlandés",
    "bih": "Bosnia y Herzegovina",
    "bwa": "Botsuana",
    "bra": "Brasil",
    "iot": "Territorio Británico del Océano Índico",
    "vgb": "Islas Vírgenes Británicas",
    "brn": "Brunéi",
    "bgr": "Bulgaria",
    "bfa": "Burkina Faso",
    "bdi": "Burundi",
    "cpv": "Cabo Verde",
    "khm": "Camboya",
    "can": "Canadá",
    "cym": "Islas Caimán",
    "caf": "República Centroafricana",
    "tcd": "Chad",
    "chl": "Chile",
    "chn": "China",
    "cxr": "Isla de Navidad",
    "cck": "Islas Cocos",
    "col": "Colombia",
    "com": "Comoras",
    "cog": "Congo",
    "cod": "República Democrática del Congo",
    "cok": "Islas Cook",
    "cri": "Costa Rica",
    "hrv": "Croacia",
    "cub": "Cuba",
    "cuw": "Curazao",
    "cyp": "Chipre",
    "cze": "Chequia",
    "civ": "Côte d’Ivoire",
    "dnk": "Dinamarca",
    "dji": "Yibuti",
    "dma": "Dominica",
    "ecu": "Ecuador",
    "egy": "Egipto",
    "gnq": "Guinea Ecuatorial",
    "eri": "Eritrea",
    "est": "Estonia",
    "swz": "Esuatini",
    "eth": "Etiopía",
    "flk": "Islas Malvinas",
    "fro": "Islas Feroe",
    "fji": "Fiyi",
    "fin": "Finlandia",
    "fra": "Francia",
    "guf": "Guayana Francesa",
    "pyf": "Polinesia Francesa",
    "gab": "Gabón",
    "gmb": "Gambia",
    "geo": "Georgia",
    "deu": "Alemania",
    "gib": "Gibraltar",
    "grc": "Grecia",
    "grl": "Groenlandia",
    "grd": "Granada",
    "glp": "Guadalupe",
    "gum": "Guam",
    "ggy": "Guernesey",
    "gin": "Guinea",
    "gnb": "Guinea-Bisáu",
    "guy": "Guyana",
    "vat": "Ciudad del Vaticano",
    "hnd": "Honduras",
    "hkg": "RAE de Hong Kong (China)",
    "hun": "Hungría",
    "isl": "Islandia",
    "irn": "Irán",
    "irq": "Irak",
    "irl": "Irlanda",
    "imn": "Isla de Man",
    "isr": "Israel",
    "ita": "Italia",
    "jpn": "Japón",
    "jey": "Jersey",
    "jor": "Jordania",
    "kaz": "Kazajistán",
    "kir": "Kiribati",
    "prk": "Corea del Norte",
    "kor": "Corea del Sur",
    "unk": "Kosovo",
    "kwt": "Kuwait",
    "kgz": "Kirguistán",
    "lao": "Laos",
    "lva": "Letonia",
    "lbn": "Líbano",
    "lso": "Lesoto",
    "lbr": "Liberia",
    "lby": "Libia",
    "lie": "Liechtenstein",
    "ltu": "Lituania",
    "lux": "Luxemburgo",
    "mac": "RAE de Macao (China)",
    "mdg": "Madagascar",
    "mwi": "Malaui",
    "mys": "Malasia",
    "mdv": "Maldivas",
    "mli": "Mali",
    "mlt": "Malta",
    "mhl": "Islas Marshall",
    "mtq": "Martinica",
    "mrt": "Mauritania",
    "mus": "Mauricio",
    "myt": "Mayotte",
    "fsm": "Micronesia",
    "mda": "Moldavia",
    "mco": "Mónaco",
    "mng": "Mongolia",
    "mne": "Montenegro",
    "msr": "Montserrat",
    "moz": "Mozambique",
    "nam": "Namibia",
    "nru": "Nauru",
    "nld": "Países Bajos",
    "ncl": "Nueva Caledonia",
    "nzl": "Nueva Zelanda",
    "ner": "Níger",
    "niu": "Niue",
    "nfk": "Isla Norfolk",
    "mkd": "Macedonia del Norte",
    "mnp": "Islas Marianas del Norte",
    "nor": "Noruega",
    "omn": "Omán",
    "plw": "Palaos",
    "pse": "Territorios Palestinos",
    "pan": "Panamá",
    "png": "Papúa Nueva Guinea",
    "per": "Perú",
    "pol": "Polonia",
    "prt": "Portugal",
    "pri": "Puerto Rico",
    "qat": "Catar",
    "rom": "Rumanía",
    "rus": "Rusia",
    "rwa": "Ruanda",
    "reu": "Reunión",
    "blm": "San Bartolomé",
    "shn": "Santa Elena",
    "kna": "San Cristóbal y Nieves",
    "lca": "Santa Lucía",
    "maf": "San Martín",
    "spm": "San Pedro y Miquelón",
    "vct": "San Vicente y las Granadinas",
    "wsm": "Samoa",
    "smr": "San Marino",
    "stp": "Santo Tomé y Príncipe",
    "sau": "Arabia Saudí",
    "srb": "Serbia",
    "syc": "Seychelles",
    "sle": "Sierra Leona",
    "sgp": "Singapur",
    "sxm": "Sint Maarten",
    "svk": "Eslovaquia",
    "svn": "Eslovenia",
    "slb": "Islas Salomón",
    "som": "Somalia",
    "zaf": "Sudáfrica",
    "sgs": "Islas Georgia del Sur y Sandwich del Sur",
    "ssd": "Sudán del Sur",
    "esp": "España",
    "sur": "Surinam",
    "sjm": "Svalbard y Jan Mayen",
    "swe": "Suecia",
    "che": "Suiza",
    "syr": "Siria",
    "twn": "Taiwán",
    "tjk": "Tayikistán",
    "tza": "Tanzania",
    "tha": "Tailandia",
    "tls": "Timor-Leste",
    "tgo": "Togo",
    "tkl": "Tokelau",
    "ton": "Tonga",
    "tto": "Trinidad y Tobago",
    "tun": "Túnez",
    "tur": "Turquía",
    "tkm": "Turkmenistán",
    "tca": "Islas Turcas y Caicos",
    "tuv": "Tuvalu",
    "ukr": "Ucrania",
    "are": "Emiratos Árabes Unidos",
    "gbr": "Reino Unido",
    "usa": "Estados Unidos",
    "vir": "Islas Vírgenes de EE. UU.",
    "ury": "Uruguay",
    "uzb": "Uzbekistán",
    "vut": "Vanuatu",
    "ven": "Venezuela",
    "wlf": "Wallis y Futuna",
    "esh": "Sáhara Occidental",
    "yem": "Yemen",
    "zmb": "Zambia",
    "zwe": "Zimbabue",
    "ala": "Islas Aland"
  }
}