{
    "country_name": {
        "abw": "Aruba",
        "afg": "Afeganistão",
        "ago": "Angola",
        "aia": "Anguila",
        "ala": "Ilhas Aland",
        "alb": "Albânia",
        "and": "Andorra",
        "are": "Emirados Árabes Unidos",
        "arg": "Argentina",
        "arm": "Armênia",
        "asm": "Samoa Americana",
        "atg": "Antígua e Barbuda",
        "aus": "Austrália",
        "aut": "Áustria",
        "aze": "Azerbaijão",
        "bdi": "Burundi",
        "bel": "Bélgica",
        "ben": "Benin",
        "bes": "Países Baixos Caribenhos",
        "bfa": "Burquina Faso",
        "bgd": "Bangladesh",
        "bgr": "Bulgária",
        "bhr": "Barein",
        "bhs": "Bahamas",
        "bih": "Bósnia e Herzegovina",
        "blm": "São Bartolomeu",
        "blr": "Bielorrússia",
        "blz": "Belize",
        "bmu": "Bermudas",
        "bol": "Bolívia",
        "bra": "Brasil",
        "brb": "Barbados",
        "brn": "Brunei",
        "btn": "Butão",
        "bwa": "Botsuana",
        "caf": "República Centro-Africana",
        "can": "Canadá",
        "cck": "Ilhas Cocos (Keeling)",
        "che": "Suíça",
        "chl": "Chile",
        "chn": "China",
        "civ": "Costa do Marfim",
        "cmr": "Camarões",
        "cod": "Congo - Kinshasa",
        "cog": "República do Congo",
        "cok": "Ilhas Cook",
        "col": "Colômbia",
        "com": "Comores",
        "cpv": "Cabo Verde",
        "cri": "Costa Rica",
        "cub": "Cuba",
        "cuw": "Curaçao",
        "cxr": "Ilha Christmas",
        "cym": "Ilhas Cayman",
        "cyp": "Chipre",
        "cze": "Chéquia",
        "deu": "Alemanha",
        "dji": "Djibuti",
        "dma": "Dominica",
        "dnk": "Dinamarca",
        "dom": "República Dominicana",
        "dza": "Argélia",
        "ecu": "Equador",
        "egy": "Egito",
        "eri": "Eritreia",
        "esh": "Saara Ocidental",
        "esp": "Espanha",
        "est": "Estônia",
        "eth": "Etiópia",
        "fin": "Finlândia",
        "fji": "Fiji",
        "flk": "Ilhas Malvinas",
        "fra": "França",
        "fro": "Ilhas Faroé",
        "fsm": "Micronésia",
        "gab": "Gabão",
        "gbr": "Reino Unido",
        "geo": "Geórgia",
        "ggy": "Guernesey",
        "gha": "Gana",
        "gib": "Gibraltar",
        "gin": "Guiné",
        "glp": "Guadalupe",
        "gmb": "Gâmbia",
        "gnb": "Guiné-Bissau",
        "gnq": "Guiné Equatorial",
        "grc": "Grécia",
        "grd": "Granada",
        "grl": "Groenlândia",
        "gtm": "Guatemala",
        "guf": "Guiana Francesa",
        "gum": "Guam",
        "guy": "Guiana",
        "hkg": "Hong Kong",
        "hnd": "Honduras",
        "hrv": "Croácia",
        "hti": "Haiti",
        "hun": "Hungria",
        "idn": "Indonésia",
        "imn": "Ilha de Man",
        "ind": "Índia",
        "iot": "Território Britânico do Oceano Índico",
        "irl": "Irlanda",
        "irn": "Irã",
        "irq": "Iraque",
        "isl": "Islândia",
        "isr": "Israel",
        "ita": "Itália",
        "jam": "Jamaica",
        "jey": "Jersey",
        "jor": "Jordânia",
        "jpn": "Japão",
        "kaz": "Cazaquistão",
        "ken": "Quênia",
        "kgz": "Quirguistão",
        "khm": "Camboja",
        "kir": "Quiribati",
        "kna": "São Cristóvão e Névis",
        "kor": "Coreia do Sul",
        "kwt": "Kuwait",
        "lao": "Laos",
        "lbn": "Líbano",
        "lbr": "Libéria",
        "lby": "Líbia",
        "lca": "Santa Lúcia",
        "lie": "Liechtenstein",
        "lka": "Sri Lanka",
        "lso": "Lesoto",
        "ltu": "Lituânia",
        "lux": "Luxemburgo",
        "lva": "Letônia",
        "mac": "Macau",
        "maf": "São Martinho (parte francesa)",
        "mar": "Marrocos",
        "mco": "Mônaco",
        "mda": "Moldávia",
        "mdg": "Madagascar",
        "mdv": "Maldivas",
        "mex": "México",
        "mhl": "Ilhas Marshall",
        "mkd": "Macedônia do Norte",
        "mli": "Mali",
        "mlt": "Malta",
        "mmr": "Mianmar (Birmânia)",
        "mne": "Montenegro",
        "mng": "Mongólia",
        "mnp": "Ilhas Marianas do Norte",
        "moz": "Moçambique",
        "mrt": "Mauritânia",
        "msr": "Montserrat",
        "mtq": "Martinica",
        "mus": "Maurício",
        "mwi": "Malaui",
        "mys": "Malásia",
        "myt": "Mayotte",
        "nam": "Namíbia",
        "ncl": "Nova Caledónia",
        "ner": "Níger",
        "nfk": "Ilha Norfolk",
        "nga": "Nigéria",
        "nic": "Nicarágua",
        "niu": "Niue",
        "nld": "Países Baixos",
        "nor": "Noruega",
        "npl": "Nepal",
        "nru": "Nauru",
        "nzl": "Nova Zelândia",
        "omn": "Omã",
        "pak": "Paquistão",
        "pan": "Panamá",
        "per": "Peru",
        "phl": "Filipinas",
        "plw": "Palau",
        "png": "Papua-Nova Guiné",
        "pol": "Polônia",
        "pri": "Porto Rico",
        "prk": "Coreia do Norte",
        "prt": "Portugal",
        "pry": "Paraguai",
        "pse": "Palestina",
        "pyf": "Polinésia Francesa",
        "qat": "Catar",
        "reu": "Reunião",
        "rom": "Roménia",
        "rus": "Rússia",
        "rwa": "Ruanda",
        "sau": "Arábia Saudita",
        "sdn": "Sudão",
        "sen": "Senegal",
        "sgp": "Singapura",
        "sgs": "Geórgia do Sul e Ilhas Sandwich do Sul",
        "shn": "Santa Helena",
        "sjm": "Svalbard e Jan Mayen",
        "slb": "Ilhas Salomão",
        "sle": "Serra Leoa",
        "slv": "El Salvador",
        "smr": "San Marino",
        "som": "Somália",
        "spm": "Saint‑Pierre e Miquelon",
        "srb": "Sérvia",
        "ssd": "Sudão do Sul",
        "stp": "São Tomé e Príncipe",
        "sur": "Suriname",
        "svk": "Eslováquia",
        "svn": "Eslovênia",
        "swe": "Suécia",
        "swz": "Essuatíni",
        "sxm": "Sint Maarten (parte neerlandesa)",
        "syc": "Seicheles",
        "syr": "Síria",
        "tca": "Ilhas Turcas e Caicos",
        "tcd": "Chade",
        "tgo": "Togo",
        "tha": "Tailândia",
        "tjk": "Tadjiquistão",
        "tkl": "Tokelau",
        "tkm": "Turcomenistão",
        "tls": "Timor-Leste",
        "ton": "Tonga",
        "tto": "Trinidad e Tobago",
        "tun": "Tunísia",
        "tur": "Turquia",
        "tuv": "Tuvalu",
        "twn": "Taiwan",
        "tza": "Tanzânia",
        "uga": "Uganda",
        "ukr": "Ucrânia",
        "unk": "Kosovo",
        "ury": "Uruguai",
        "usa": "Estados Unidos",
        "uzb": "Uzbequistão",
        "vat": "Santa Sé (Vaticano)",
        "vct": "São Vicente e Granadinas",
        "ven": "Venezuela",
        "vgb": "Ilhas Virgens Britânicas",
        "vir": "Ilhas Virgens Americanas",
        "vnm": "Vietnã",
        "vut": "Vanuatu",
        "wlf": "Wallis e Futuna",
        "wsm": "Samoa",
        "yem": "Iêmen",
        "zaf": "África do Sul",
        "zmb": "Zâmbia",
        "zwe": "Zimbábue"
    }
}